{
  "pure_compute": 1776031979.9261003,
  "provider_health": 1776031979.9266922,
  "trace_analysis": 1776031846.6285594
}